n,x_n,m_raw=f(x_n),m_eff,a,s,log_ratio_abs,sign_flip,status
1,2.1220659078919379e-01,-2.1220659078919379e-01,-2.1220659078919379e-01,1.00000000,0.00000000,0.00000000,0,ALLOW
2,1.2732395447351627e-01,1.2732395447351627e-01,1.2732395447351627e-01,0.49730816,0.61082562,0.51082562,1,DENY
