step,x,delta_m,m_accum,a,s,log_ratio,status
1,0.000000,0.50843202,0.50843202,1.000000,0.000000,0.000000,ALLOW
2,0.002000,0.01136604,0.51979806,0.208303,3.700701,3.800701,DENY
